State Code,County Code,Site Number,Parameter Code,Parameter Name,Latitude,Longitude,Local Site Name,County Name
6,1,7,88101,PM2.5 - Local Conditions,37.687526,-121.784217,Livermore,Alameda
6,1,7,88101,PM2.5 - Local Conditions,37.687526,-121.784217,Livermore,Alameda
6,1,9,88101,PM2.5 - Local Conditions,37.743065,-122.169935,Oakland,Alameda
6,1,9,88101,PM2.5 - Local Conditions,37.743065,-122.169935,Oakland,Alameda
6,1,11,88101,PM2.5 - Local Conditions,37.814781,-122.282347,Oakland West,Alameda
6,1,12,88101,PM2.5 - Local Conditions,37.793624,-122.263376,Laney College,Alameda
6,1,13,88101,PM2.5 - Local Conditions,37.864767,-122.302741,Berkeley- Aquatic Park,Alameda
6,1,15,88101,PM2.5 - Local Conditions,37.701222,-121.903019,Pleasanton - Owens Ct,Alameda
6,1,16,88101,PM2.5 - Local Conditions,37.68975,-121.77155,Livermore Portola,Alameda
6,1,1001,88101,PM2.5 - Local Conditions,37.535833,-121.961823,Fremont - Chapel Way,Alameda
6,1,1001,88101,PM2.5 - Local Conditions,37.535833,-121.961823,Fremont - Chapel Way,Alameda
6,1,1001,88101,PM2.5 - Local Conditions,37.535833,-121.961823,Fremont - Chapel Way,Alameda
6,7,2,88101,PM2.5 - Local Conditions,39.757371,-121.843286,Chico-Manzanita Ave.,Butte
6,7,8,88101,PM2.5 - Local Conditions,39.76168,-121.84047,Chico-East Avenue,Butte
6,7,8,88101,PM2.5 - Local Conditions,39.76168,-121.84047,Chico-East Avenue,Butte
6,9,1,88101,PM2.5 - Local Conditions,38.20185,-120.680277,San Andreas-Gold Strike Road,Calaveras
6,9,1,88101,PM2.5 - Local Conditions,38.20185,-120.680277,San Andreas-Gold Strike Road,Calaveras
6,11,7,88101,PM2.5 - Local Conditions,39.021221,-122.281803,Cortina Indian Rancheria,Colusa
6,11,1002,88101,PM2.5 - Local Conditions,39.18919,-121.99887,Colusa-Sunrise Blvd,Colusa
6,11,1002,88101,PM2.5 - Local Conditions,39.18919,-121.99887,Colusa-Sunrise Blvd,Colusa
6,13,2,88101,PM2.5 - Local Conditions,37.936013,-122.026154,Concord,Contra Costa
6,13,2,88101,PM2.5 - Local Conditions,37.936013,-122.026154,Concord,Contra Costa
6,13,2,88101,PM2.5 - Local Conditions,37.936013,-122.026154,Concord,Contra Costa
6,13,1004,88101,PM2.5 - Local Conditions,37.9604,-122.356811,San Pablo,Contra Costa
6,15,7,88101,PM2.5 - Local Conditions,41.75613,-124.20347,Crescent City-Crescent Elk School,Del Norte
6,17,11,88101,PM2.5 - Local Conditions,38.944979,-119.970609,South Lake Tahoe-Sandy Way,El Dorado
6,17,11,88101,PM2.5 - Local Conditions,38.944979,-119.970609,South Lake Tahoe-Sandy Way,El Dorado
6,17,12,88101,PM2.5 - Local Conditions,38.81161,-120.033084,Echo Summit,El Dorado
6,19,8,88101,PM2.5 - Local Conditions,36.781333,-119.77319,"3425 N FIRST ST, FRESNO",Fresno
6,19,8,88101,PM2.5 - Local Conditions,36.781333,-119.77319,"3425 N FIRST ST, FRESNO",Fresno
6,19,8,88101,PM2.5 - Local Conditions,36.781333,-119.77319,"3425 N FIRST ST, FRESNO",Fresno
6,19,8,88101,PM2.5 - Local Conditions,36.781333,-119.77319,"3425 N FIRST ST, FRESNO",Fresno
6,19,8,88101,PM2.5 - Local Conditions,36.781333,-119.77319,"3425 N FIRST ST, FRESNO",Fresno
6,19,11,88101,PM2.5 - Local Conditions,36.78538,-119.77321,Fresno - Garland,Fresno
6,19,11,88101,PM2.5 - Local Conditions,36.78538,-119.77321,Fresno - Garland,Fresno
6,19,11,88101,PM2.5 - Local Conditions,36.78538,-119.77321,Fresno - Garland,Fresno
6,19,11,88101,PM2.5 - Local Conditions,36.78538,-119.77321,Fresno - Garland,Fresno
6,19,500,88101,PM2.5 - Local Conditions,36.985119,-119.658339,Table Mountain Air Monitoring Site,Fresno
6,19,2009,88101,PM2.5 - Local Conditions,36.634225,-120.382331,Tranquillity,Fresno
6,19,2016,88101,PM2.5 - Local Conditions,36.710833,-119.7775,Fresno-Foundry,Fresno
6,19,5001,88101,PM2.5 - Local Conditions,36.819449,-119.716433,Clovis-Villa,Fresno
6,19,5001,88101,PM2.5 - Local Conditions,36.819449,-119.716433,Clovis-Villa,Fresno
6,19,5025,88101,PM2.5 - Local Conditions,36.72639,-119.733,Fresno-Pacific,Fresno
6,19,5025,88101,PM2.5 - Local Conditions,36.72639,-119.733,Fresno-Pacific,Fresno
6,23,6,88101,PM2.5 - Local Conditions,41.047117,-123.675233,Hoopa Valley Reservation,Humboldt
6,23,6,88101,PM2.5 - Local Conditions,41.047117,-123.675233,Hoopa Valley Reservation,Humboldt
6,23,1002,88101,PM2.5 - Local Conditions,40.80178,-124.1621,Eureka I Street,Humboldt
6,23,1004,88101,PM2.5 - Local Conditions,40.77678,-124.17949,Jacobs,Humboldt
6,23,1004,88101,PM2.5 - Local Conditions,40.77678,-124.17949,Jacobs,Humboldt
6,23,1005,88101,PM2.5 - Local Conditions,40.71528,-124.20139,Humboldt Hill,Humboldt
6,23,1005,88101,PM2.5 - Local Conditions,40.71528,-124.20139,Humboldt Hill,Humboldt
6,25,3,88101,PM2.5 - Local Conditions,32.978379,-115.534156,Brawley-401 Main St.,Imperial
6,25,5,88101,PM2.5 - Local Conditions,32.67618,-115.48307,Calexico-Ethel Street,Imperial
6,25,5,88101,PM2.5 - Local Conditions,32.67618,-115.48307,Calexico-Ethel Street,Imperial
6,25,5,88101,PM2.5 - Local Conditions,32.67618,-115.48307,Calexico-Ethel Street,Imperial
6,25,5,88101,PM2.5 - Local Conditions,32.67618,-115.48307,Calexico-Ethel Street,Imperial
6,25,7,88101,PM2.5 - Local Conditions,32.97833,-115.53917,Brawley-220 Main Street,Imperial
6,25,7,88101,PM2.5 - Local Conditions,32.97833,-115.53917,Brawley-220 Main Street,Imperial
6,25,10,88101,PM2.5 - Local Conditions,33.379078,-116.015997,Torres Martinez Reservation,Imperial
6,25,10,88101,PM2.5 - Local Conditions,33.379078,-116.015997,Torres Martinez Reservation,Imperial
6,25,1003,88101,PM2.5 - Local Conditions,32.79222,-115.56306,El Centro-9th Street,Imperial
6,25,1003,88101,PM2.5 - Local Conditions,32.79222,-115.56306,El Centro-9th Street,Imperial
6,27,2,88101,PM2.5 - Local Conditions,37.360684,-118.330783,WMRC/NCORE,Inyo
6,27,2,88101,PM2.5 - Local Conditions,37.360684,-118.330783,WMRC/NCORE,Inyo
6,27,2,88101,PM2.5 - Local Conditions,37.360684,-118.330783,WMRC/NCORE,Inyo
6,27,1003,88101,PM2.5 - Local Conditions,36.487823,-117.871036,Keeler,Inyo
6,27,1003,88101,PM2.5 - Local Conditions,36.487823,-117.871036,Keeler,Inyo
6,27,1003,88101,PM2.5 - Local Conditions,36.487823,-117.871036,Keeler,Inyo
6,27,1003,88101,PM2.5 - Local Conditions,36.487823,-117.871036,Keeler,Inyo
6,27,1018,88101,PM2.5 - Local Conditions,36.595556,-118.049167,Lone Pine Paiute-Shoshone Reservation,Inyo
6,27,1018,88101,PM2.5 - Local Conditions,36.595556,-118.049167,Lone Pine Paiute-Shoshone Reservation,Inyo
6,27,1023,88101,PM2.5 - Local Conditions,37.362137,-118.417478,Bishop Tribe EMO,Inyo
6,27,1023,88101,PM2.5 - Local Conditions,37.362137,-118.417478,Bishop Tribe EMO,Inyo
6,27,1023,88101,PM2.5 - Local Conditions,37.362137,-118.417478,Bishop Tribe EMO,Inyo
6,27,1033,88101,PM2.5 - Local Conditions,37.155494,-118.293547,Stn.1 Big Pine Paiute site,Inyo
6,27,1033,88101,PM2.5 - Local Conditions,37.155494,-118.293547,Stn.1 Big Pine Paiute site,Inyo
6,29,10,88101,PM2.5 - Local Conditions,35.385574,-119.015009,Bakersfield-Golden / M St,Kern
6,29,10,88101,PM2.5 - Local Conditions,35.385574,-119.015009,Bakersfield-Golden / M St,Kern
6,29,10,88101,PM2.5 - Local Conditions,35.385574,-119.015009,Bakersfield-Golden / M St,Kern
6,29,11,88101,PM2.5 - Local Conditions,35.050551,-118.147294,Mojave,Kern
6,29,11,88101,PM2.5 - Local Conditions,35.050551,-118.147294,Mojave,Kern
6,29,14,88101,PM2.5 - Local Conditions,35.356615,-119.062613,Bakersfield-California,Kern
6,29,14,88101,PM2.5 - Local Conditions,35.356615,-119.062613,Bakersfield-California,Kern
6,29,14,88101,PM2.5 - Local Conditions,35.356615,-119.062613,Bakersfield-California,Kern
6,29,15,88101,PM2.5 - Local Conditions,35.62109,-117.67296,Ridgecrest-California Ave,Kern
6,29,16,88101,PM2.5 - Local Conditions,35.324636,-118.997627,Bakersfield-Airport (Planz),Kern
6,29,18,88101,PM2.5 - Local Conditions,35.642943,-117.715066,Ridgecrest-Ward,Kern
6,29,19,88101,PM2.5 - Local Conditions,35.046528,-118.162833,Mojave - CA 58 Business,Kern
6,29,20,88101,PM2.5 - Local Conditions,35.04944,-118.18893,Mojave-Pat Avenue,Kern
6,29,2012,88101,PM2.5 - Local Conditions,35.331612,-118.999961,Bakersfield-Muni,Kern
6,31,4,88101,PM2.5 - Local Conditions,36.102244,-119.56565,Corcoran-Patterson,Kings
6,31,4,88101,PM2.5 - Local Conditions,36.102244,-119.56565,Corcoran-Patterson,Kings
6,31,4,88101,PM2.5 - Local Conditions,36.102244,-119.56565,Corcoran-Patterson,Kings
6,31,1004,88101,PM2.5 - Local Conditions,36.31567,-119.643447,Hanford-Irwin,Kings
6,33,3001,88101,PM2.5 - Local Conditions,39.0327,-122.92229,Lakeport-Lakeport Blvd.,Lake
6,33,3002,88101,PM2.5 - Local Conditions,39.01893,-122.91333,Lakeport-S. Main Street,Lake
6,37,2,88101,PM2.5 - Local Conditions,34.1365,-117.92391,Azusa,Los Angeles
6,37,2,88101,PM2.5 - Local Conditions,34.1365,-117.92391,Azusa,Los Angeles
6,37,2,88101,PM2.5 - Local Conditions,34.1365,-117.92391,Azusa,Los Angeles
6,37,1002,88101,PM2.5 - Local Conditions,34.17605,-118.31712,Burbank,Los Angeles
6,37,1002,88101,PM2.5 - Local Conditions,34.17605,-118.31712,Burbank,Los Angeles
6,37,1002,88101,PM2.5 - Local Conditions,34.17605,-118.31712,Burbank,Los Angeles
6,37,1103,88101,PM2.5 - Local Conditions,34.06659,-118.22688,Los Angeles-North Main Street,Los Angeles
6,37,1103,88101,PM2.5 - Local Conditions,34.06659,-118.22688,Los Angeles-North Main Street,Los Angeles
6,37,1103,88101,PM2.5 - Local Conditions,34.06659,-118.22688,Los Angeles-North Main Street,Los Angeles
6,37,1103,88101,PM2.5 - Local Conditions,34.06659,-118.22688,Los Angeles-North Main Street,Los Angeles
6,37,1201,88101,PM2.5 - Local Conditions,34.19925,-118.53276,Reseda,Los Angeles
6,37,1201,88101,PM2.5 - Local Conditions,34.19925,-118.53276,Reseda,Los Angeles
6,37,1301,88101,PM2.5 - Local Conditions,33.92899,-118.21071,Lynwood,Los Angeles
6,37,1301,88101,PM2.5 - Local Conditions,33.92899,-118.21071,Lynwood,Los Angeles
6,37,1302,88101,PM2.5 - Local Conditions,33.901389,-118.205,Compton,Los Angeles
6,37,1302,88101,PM2.5 - Local Conditions,33.901389,-118.205,Compton,Los Angeles
6,37,1601,88101,PM2.5 - Local Conditions,34.01407,-118.06056,,Los Angeles
6,37,1601,88101,PM2.5 - Local Conditions,34.01407,-118.06056,,Los Angeles
6,37,1602,88101,PM2.5 - Local Conditions,34.01029,-118.0685,Pico Rivera #2,Los Angeles
6,37,1602,88101,PM2.5 - Local Conditions,34.01029,-118.0685,Pico Rivera #2,Los Angeles
6,37,1602,88101,PM2.5 - Local Conditions,34.01029,-118.0685,Pico Rivera #2,Los Angeles
6,37,2005,88101,PM2.5 - Local Conditions,34.1326,-118.1272,Pasadena,Los Angeles
6,37,2005,88101,PM2.5 - Local Conditions,34.1326,-118.1272,Pasadena,Los Angeles
6,37,4002,88101,PM2.5 - Local Conditions,33.82376,-118.18921,Long Beach (North),Los Angeles
6,37,4002,88101,PM2.5 - Local Conditions,33.82376,-118.18921,Long Beach (North),Los Angeles
6,37,4002,88101,PM2.5 - Local Conditions,33.82376,-118.18921,Long Beach (North),Los Angeles
6,37,4004,88101,PM2.5 - Local Conditions,33.79236,-118.17533,Long Beach (South),Los Angeles
6,37,4004,88101,PM2.5 - Local Conditions,33.79236,-118.17533,Long Beach (South),Los Angeles
6,37,4008,88101,PM2.5 - Local Conditions,33.859662,-118.200707,Long Beach-Route 710 Near Road,Los Angeles
6,37,4008,88101,PM2.5 - Local Conditions,33.859662,-118.200707,Long Beach-Route 710 Near Road,Los Angeles
6,37,4009,88101,PM2.5 - Local Conditions,33.793713,-118.171019,Signal Hill (LBSH),Los Angeles
6,37,4009,88101,PM2.5 - Local Conditions,33.793713,-118.171019,Signal Hill (LBSH),Los Angeles
6,37,9002,88101,PM2.5 - Local Conditions,34.689985,-118.13285,Lancaster-Ponderosa St.,Los Angeles
6,37,9033,88101,PM2.5 - Local Conditions,34.669739,-118.130511,Lancaster-Division Street,Los Angeles
6,37,9035,88101,PM2.5 - Local Conditions,34.725389,-118.178601,Lancaster - Fairgrounds,Los Angeles
6,39,500,88101,PM2.5 - Local Conditions,37.2136,-119.699065,Picayune Rancheria,Madera
6,39,2010,88101,PM2.5 - Local Conditions,36.953256,-120.034203,Madera-City,Madera
6,39,2010,88101,PM2.5 - Local Conditions,36.953256,-120.034203,Madera-City,Madera
6,41,1,88101,PM2.5 - Local Conditions,37.97231,-122.520004,San Rafael,Marin
6,45,6,88101,PM2.5 - Local Conditions,39.15047,-123.20655,Ukiah-Library,Mendocino
6,45,6,88101,PM2.5 - Local Conditions,39.15047,-123.20655,Ukiah-Library,Mendocino
6,45,6,88101,PM2.5 - Local Conditions,39.15047,-123.20655,Ukiah-Library,Mendocino
6,45,2001,88101,PM2.5 - Local Conditions,39.412942,-123.353621,,Mendocino
6,45,2002,88101,PM2.5 - Local Conditions,39.41174,-123.35264,Willits-125 East Commercial Street,Mendocino
6,45,2003,88101,PM2.5 - Local Conditions,39.39861,-123.35872,Willits-Blosser Lane,Mendocino
6,47,3,88101,PM2.5 - Local Conditions,37.281853,-120.433671,Merced-Coffee,Merced
6,47,2024,88101,PM2.5 - Local Conditions,37.289732,-120.429718,Merced-Vierra,Merced
6,47,2510,88101,PM2.5 - Local Conditions,37.30832,-120.480456,Merced-M St,Merced
6,47,2510,88101,PM2.5 - Local Conditions,37.30832,-120.480456,Merced-M St,Merced
6,49,1,88101,PM2.5 - Local Conditions,41.483225,-120.540234,Alturas-Fourth St.,Modoc
6,51,1,88101,PM2.5 - Local Conditions,37.64571,-118.96652,Mammoth Lakes,Mono
6,51,1,88101,PM2.5 - Local Conditions,37.64571,-118.96652,Mammoth Lakes,Mono
6,51,1,88101,PM2.5 - Local Conditions,37.64571,-118.96652,Mammoth Lakes,Mono
6,51,1,88101,PM2.5 - Local Conditions,37.64571,-118.96652,Mammoth Lakes,Mono
6,51,5,88101,PM2.5 - Local Conditions,37.962069,-119.120278,Lee Vining,Mono
6,51,5,88101,PM2.5 - Local Conditions,37.962069,-119.120278,Lee Vining,Mono
6,53,2,88101,PM2.5 - Local Conditions,36.48187,-121.73333,Carmel Valley,Monterey
6,53,8,88101,PM2.5 - Local Conditions,36.209286,-121.126371,King City 2,Monterey
6,53,1002,88101,PM2.5 - Local Conditions,36.697181,-121.633556,Salinas-Natividad Rd.,Monterey
6,53,1003,88101,PM2.5 - Local Conditions,36.694261,-121.623271,Salinas 3,Monterey
6,53,1003,88101,PM2.5 - Local Conditions,36.694261,-121.623271,Salinas 3,Monterey
6,53,1003,88101,PM2.5 - Local Conditions,36.694261,-121.623271,Salinas 3,Monterey
6,55,3,88101,PM2.5 - Local Conditions,38.310942,-122.296189,Napa,Napa
6,55,4,88101,PM2.5 - Local Conditions,38.278849,-122.275024,Napa Valley College,Napa
6,57,5,88101,PM2.5 - Local Conditions,39.233477,-121.055608,Grass Valley-Litton Building,Nevada
6,57,5,88101,PM2.5 - Local Conditions,39.233477,-121.055608,Grass Valley-Litton Building,Nevada
6,57,1001,88101,PM2.5 - Local Conditions,39.32783,-120.184592,Truckee-Fire Station,Nevada
6,57,1001,88101,PM2.5 - Local Conditions,39.32783,-120.184592,Truckee-Fire Station,Nevada
6,57,1001,88101,PM2.5 - Local Conditions,39.32783,-120.184592,Truckee-Fire Station,Nevada
6,59,1,88101,PM2.5 - Local Conditions,33.821353,-117.91427,Anaheim (1010 Harbor Blvd),Orange
6,59,1,88101,PM2.5 - Local Conditions,33.821353,-117.91427,Anaheim (1010 Harbor Blvd),Orange
6,59,1,88101,PM2.5 - Local Conditions,33.821353,-117.91427,Anaheim (1010 Harbor Blvd),Orange
6,59,7,88101,PM2.5 - Local Conditions,33.83062,-117.93845,Anaheim,Orange
6,59,7,88101,PM2.5 - Local Conditions,33.83062,-117.93845,Anaheim,Orange
6,59,7,88101,PM2.5 - Local Conditions,33.83062,-117.93845,Anaheim,Orange
6,59,7,88101,PM2.5 - Local Conditions,33.83062,-117.93845,Anaheim,Orange
6,59,2022,88101,PM2.5 - Local Conditions,33.63003,-117.67593,Mission Viejo,Orange
6,59,2022,88101,PM2.5 - Local Conditions,33.63003,-117.67593,Mission Viejo,Orange
6,59,2022,88101,PM2.5 - Local Conditions,33.63003,-117.67593,Mission Viejo,Orange
6,61,2,88101,PM2.5 - Local Conditions,38.93767,-121.104921,Auburn - Dewitt - C Avenue,Placer
6,61,3,88101,PM2.5 - Local Conditions,38.93568,-121.09959,Auburn-Atwood,Placer
6,61,6,88101,PM2.5 - Local Conditions,38.74643,-121.26498,Roseville-N Sunrise Ave,Placer
6,61,6,88101,PM2.5 - Local Conditions,38.74643,-121.26498,Roseville-N Sunrise Ave,Placer
6,61,6,88101,PM2.5 - Local Conditions,38.74643,-121.26498,Roseville-N Sunrise Ave,Placer
6,63,1006,88101,PM2.5 - Local Conditions,39.939567,-120.944376,Quincy-N Church Street,Plumas
6,63,1006,88101,PM2.5 - Local Conditions,39.939567,-120.944376,Quincy-N Church Street,Plumas
6,63,1008,88101,PM2.5 - Local Conditions,39.791568,-120.472715,MONITOR ON TOP OF PRIMETIME PIZZA BUSINESS,Plumas
6,63,1009,88101,PM2.5 - Local Conditions,39.808333,-120.471667,Portola-161 Nevada Street,Plumas
6,63,1009,88101,PM2.5 - Local Conditions,39.808333,-120.471667,Portola-161 Nevada Street,Plumas
6,63,1010,88101,PM2.5 - Local Conditions,39.81336,-120.47069,Portola,Plumas
6,63,1010,88101,PM2.5 - Local Conditions,39.81336,-120.47069,Portola,Plumas
6,63,1010,88101,PM2.5 - Local Conditions,39.81336,-120.47069,Portola,Plumas
6,65,9,88101,PM2.5 - Local Conditions,33.447867,-117.088649,Pechanga,Riverside
6,65,9,88101,PM2.5 - Local Conditions,33.447867,-117.088649,Pechanga,Riverside
6,65,10,88101,PM2.5 - Local Conditions,33.747236,-115.820124,Joshua Tree NP - Cottonwood Visitor Center,Riverside
6,65,500,88101,PM2.5 - Local Conditions,33.71969,-116.1897,29 Palms,Riverside
6,65,500,88101,PM2.5 - Local Conditions,33.71969,-116.1897,29 Palms,Riverside
6,65,500,88101,PM2.5 - Local Conditions,33.71969,-116.1897,29 Palms,Riverside
6,65,1003,88101,PM2.5 - Local Conditions,33.94603,-117.40063,Riverside (Magnolia),Riverside
6,65,1003,88101,PM2.5 - Local Conditions,33.94603,-117.40063,Riverside (Magnolia),Riverside
6,65,1016,88101,PM2.5 - Local Conditions,33.944713,-116.830074,Morongo Air Monitoring Station,Riverside
6,65,1016,88101,PM2.5 - Local Conditions,33.944713,-116.830074,Morongo Air Monitoring Station,Riverside
6,65,2002,88101,PM2.5 - Local Conditions,33.70853,-116.21537,Indio,Riverside
6,65,2002,88101,PM2.5 - Local Conditions,33.70853,-116.21537,Indio,Riverside
6,65,2002,88101,PM2.5 - Local Conditions,33.70853,-116.21537,Indio,Riverside
6,65,2007,88101,PM2.5 - Local Conditions,33.72537,-116.206842,Indio Amistad High School,Riverside
6,65,2007,88101,PM2.5 - Local Conditions,33.72537,-116.206842,Indio Amistad High School,Riverside
6,65,5001,88101,PM2.5 - Local Conditions,33.85275,-116.54101,Palm Springs,Riverside
6,65,5001,88101,PM2.5 - Local Conditions,33.85275,-116.54101,Palm Springs,Riverside
6,65,8001,88101,PM2.5 - Local Conditions,33.99958,-117.41601,Rubidoux,Riverside
6,65,8001,88101,PM2.5 - Local Conditions,33.99958,-117.41601,Rubidoux,Riverside
6,65,8001,88101,PM2.5 - Local Conditions,33.99958,-117.41601,Rubidoux,Riverside
6,65,8001,88101,PM2.5 - Local Conditions,33.99958,-117.41601,Rubidoux,Riverside
6,65,8001,88101,PM2.5 - Local Conditions,33.99958,-117.41601,Rubidoux,Riverside
6,65,8001,88101,PM2.5 - Local Conditions,33.99958,-117.41601,Rubidoux,Riverside
6,65,8005,88101,PM2.5 - Local Conditions,33.99636,-117.4924,Mira Loma (Van Buren),Riverside
6,65,8005,88101,PM2.5 - Local Conditions,33.99636,-117.4924,Mira Loma (Van Buren),Riverside
6,65,8005,88101,PM2.5 - Local Conditions,33.99636,-117.4924,Mira Loma (Van Buren),Riverside
6,67,6,88101,PM2.5 - Local Conditions,38.613779,-121.368014,Sacramento-Del Paso Manor,Sacramento
6,67,6,88101,PM2.5 - Local Conditions,38.613779,-121.368014,Sacramento-Del Paso Manor,Sacramento
6,67,6,88101,PM2.5 - Local Conditions,38.613779,-121.368014,Sacramento-Del Paso Manor,Sacramento
6,67,6,88101,PM2.5 - Local Conditions,38.613779,-121.368014,Sacramento-Del Paso Manor,Sacramento
6,67,6,88101,PM2.5 - Local Conditions,38.613779,-121.368014,Sacramento-Del Paso Manor,Sacramento
6,67,10,88101,PM2.5 - Local Conditions,38.56844,-121.49311,Sacramento-1309 T Street,Sacramento
6,67,10,88101,PM2.5 - Local Conditions,38.56844,-121.49311,Sacramento-1309 T Street,Sacramento
6,67,10,88101,PM2.5 - Local Conditions,38.56844,-121.49311,Sacramento-1309 T Street,Sacramento
6,67,12,88101,PM2.5 - Local Conditions,38.683304,-121.164457,Folsom-Natoma St.,Sacramento
6,67,12,88101,PM2.5 - Local Conditions,38.683304,-121.164457,Folsom-Natoma St.,Sacramento
6,67,15,88101,PM2.5 - Local Conditions,38.593322,-121.503795,Sacramento-Bercut Drive,Sacramento
6,67,15,88101,PM2.5 - Local Conditions,38.593322,-121.503795,Sacramento-Bercut Drive,Sacramento
6,67,4001,88101,PM2.5 - Local Conditions,38.556326,-121.458499,Sacramento Health Department-Stockton Blvd.,Sacramento
6,67,5003,88101,PM2.5 - Local Conditions,38.494475,-121.211131,Sloughhouse,Sacramento
6,69,2,88101,PM2.5 - Local Conditions,36.843425,-121.3621,Hollister,San Benito
6,69,2,88101,PM2.5 - Local Conditions,36.843425,-121.3621,Hollister,San Benito
6,71,14,88101,PM2.5 - Local Conditions,34.512496,-117.330879,Victorville-Amargosa Road,San Bernardino
6,71,14,88101,PM2.5 - Local Conditions,34.512496,-117.330879,Victorville-Amargosa Road,San Bernardino
6,71,25,88101,PM2.5 - Local Conditions,34.037234,-117.690889,Ontario Fire Station,San Bernardino
6,71,25,88101,PM2.5 - Local Conditions,34.037234,-117.690889,Ontario Fire Station,San Bernardino
6,71,27,88101,PM2.5 - Local Conditions,34.030833,-117.61722,Ontario-Route 60 Near Road,San Bernardino
6,71,27,88101,PM2.5 - Local Conditions,34.030833,-117.61722,Ontario-Route 60 Near Road,San Bernardino
6,71,306,88101,PM2.5 - Local Conditions,34.510961,-117.32554,Victorville-Park Avenue,San Bernardino
6,71,306,88101,PM2.5 - Local Conditions,34.510961,-117.32554,Victorville-Park Avenue,San Bernardino
6,71,2002,88101,PM2.5 - Local Conditions,34.10002,-117.49201,Fontana,San Bernardino
6,71,2002,88101,PM2.5 - Local Conditions,34.10002,-117.49201,Fontana,San Bernardino
6,71,2002,88101,PM2.5 - Local Conditions,34.10002,-117.49201,Fontana,San Bernardino
6,71,2002,88101,PM2.5 - Local Conditions,34.10002,-117.49201,Fontana,San Bernardino
6,71,8001,88101,PM2.5 - Local Conditions,34.26464,-116.86147,Big Bear,San Bernardino
6,71,8001,88101,PM2.5 - Local Conditions,34.26464,-116.86147,Big Bear,San Bernardino
6,71,8001,88101,PM2.5 - Local Conditions,34.26464,-116.86147,Big Bear,San Bernardino
6,71,9004,88101,PM2.5 - Local Conditions,34.106678,-117.274063,San Bernardino,San Bernardino
6,71,9004,88101,PM2.5 - Local Conditions,34.106678,-117.274063,San Bernardino,San Bernardino
6,73,1,88101,PM2.5 - Local Conditions,32.631242,-117.059088,Chula Vista,San Diego
6,73,1,88101,PM2.5 - Local Conditions,32.631242,-117.059088,Chula Vista,San Diego
6,73,3,88101,PM2.5 - Local Conditions,32.791194,-116.942092,El Cajon,San Diego
6,73,3,88101,PM2.5 - Local Conditions,32.791194,-116.942092,El Cajon,San Diego
6,73,3,88101,PM2.5 - Local Conditions,32.791194,-116.942092,El Cajon,San Diego
6,73,6,88101,PM2.5 - Local Conditions,32.836461,-117.128752,Kearny Mesa,San Diego
6,73,6,88101,PM2.5 - Local Conditions,32.836461,-117.128752,Kearny Mesa,San Diego
6,73,77,88101,PM2.5 - Local Conditions,32.6509,-116.365,Campo Indian Reservation,San Diego
6,73,77,88101,PM2.5 - Local Conditions,32.6509,-116.365,Campo Indian Reservation,San Diego
6,73,1002,88101,PM2.5 - Local Conditions,33.127769,-117.075086,Escondido,San Diego
6,73,1002,88101,PM2.5 - Local Conditions,33.127769,-117.075086,Escondido,San Diego
6,73,1002,88101,PM2.5 - Local Conditions,33.127769,-117.075086,Escondido,San Diego
6,73,1006,88101,PM2.5 - Local Conditions,32.842318,-116.768293,Alpine,San Diego
6,73,1006,88101,PM2.5 - Local Conditions,32.842318,-116.768293,Alpine,San Diego
6,73,1006,88101,PM2.5 - Local Conditions,32.842318,-116.768293,Alpine,San Diego
6,73,1007,88101,PM2.5 - Local Conditions,32.709224,-117.154841,San Diego-12th Ave,San Diego
6,73,1008,88101,PM2.5 - Local Conditions,33.217046,-117.396249,Camp Pendleton,San Diego
6,73,1008,88101,PM2.5 - Local Conditions,33.217046,-117.396249,Camp Pendleton,San Diego
6,73,1010,88101,PM2.5 - Local Conditions,32.701492,-117.149653,San Diego - Beardsley Street,San Diego
6,73,1010,88101,PM2.5 - Local Conditions,32.701492,-117.149653,San Diego - Beardsley Street,San Diego
6,73,1011,88101,PM2.5 - Local Conditions,32.725226,-116.365203,La Posta Reservation,San Diego
6,73,1011,88101,PM2.5 - Local Conditions,32.725226,-116.365203,La Posta Reservation,San Diego
6,73,1011,88101,PM2.5 - Local Conditions,32.725226,-116.365203,La Posta Reservation,San Diego
6,73,1014,88101,PM2.5 - Local Conditions,32.578165,-116.921374,Donovan,San Diego
6,73,1014,88101,PM2.5 - Local Conditions,32.578165,-116.921374,Donovan,San Diego
6,73,1016,88101,PM2.5 - Local Conditions,32.845709,-117.123964,San Diego - Kearny Villa Rd.,San Diego
6,73,1016,88101,PM2.5 - Local Conditions,32.845709,-117.123964,San Diego - Kearny Villa Rd.,San Diego
6,73,1016,88101,PM2.5 - Local Conditions,32.845709,-117.123964,San Diego - Kearny Villa Rd.,San Diego
6,73,1016,88101,PM2.5 - Local Conditions,32.845709,-117.123964,San Diego - Kearny Villa Rd.,San Diego
6,73,1017,88101,PM2.5 - Local Conditions,32.985428,-117.082198,San Diego -Rancho Carmel Drive,San Diego
6,73,1017,88101,PM2.5 - Local Conditions,32.985428,-117.082198,San Diego -Rancho Carmel Drive,San Diego
6,73,1018,88101,PM2.5 - Local Conditions,32.817978,-116.968133,El Cajon - Floyd Smith Dr.,San Diego
6,73,1022,88101,PM2.5 - Local Conditions,32.789565,-116.944308,El Cajon - Lexington Elementary School,San Diego
6,73,1022,88101,PM2.5 - Local Conditions,32.789565,-116.944308,El Cajon - Lexington Elementary School,San Diego
6,73,1022,88101,PM2.5 - Local Conditions,32.789565,-116.944308,El Cajon - Lexington Elementary School,San Diego
6,73,1025,88101,PM2.5 - Local Conditions,32.552824,-117.047345,San Ysidro,San Diego
6,73,1026,88101,PM2.5 - Local Conditions,32.710177,-117.142665,San Diego - Sherman Elementary School,San Diego
6,73,1026,88101,PM2.5 - Local Conditions,32.710177,-117.142665,San Diego - Sherman Elementary School,San Diego
6,73,1026,88101,PM2.5 - Local Conditions,32.710177,-117.142665,San Diego - Sherman Elementary School,San Diego
6,73,1201,88101,PM2.5 - Local Conditions,33.362593,-117.09023,Pala Airpad,San Diego
6,73,1201,88101,PM2.5 - Local Conditions,33.362593,-117.09023,Pala Airpad,San Diego
6,73,1201,88101,PM2.5 - Local Conditions,33.362593,-117.09023,Pala Airpad,San Diego
6,73,1201,88101,PM2.5 - Local Conditions,33.362593,-117.09023,Pala Airpad,San Diego
6,75,5,88101,PM2.5 - Local Conditions,37.765946,-122.399044,San Francisco,San Francisco
6,75,5,88101,PM2.5 - Local Conditions,37.765946,-122.399044,San Francisco,San Francisco
6,75,5,88101,PM2.5 - Local Conditions,37.765946,-122.399044,San Francisco,San Francisco
6,77,1002,88101,PM2.5 - Local Conditions,37.950741,-121.268523,Stockton-Hazelton,San Joaquin
6,77,1002,88101,PM2.5 - Local Conditions,37.950741,-121.268523,Stockton-Hazelton,San Joaquin
6,77,1002,88101,PM2.5 - Local Conditions,37.950741,-121.268523,Stockton-Hazelton,San Joaquin
6,77,1003,88101,PM2.5 - Local Conditions,37.961578,-121.281414,Stockton - University Park,San Joaquin
6,77,2010,88101,PM2.5 - Local Conditions,37.793392,-121.247874,Manteca,San Joaquin
6,79,2002,88101,PM2.5 - Local Conditions,35.283864,-120.655171,San Luis Obispo-Marsh St.,San Luis Obispo
6,79,2004,88101,PM2.5 - Local Conditions,35.02083,-120.56388,Mesa2,San Luis Obispo
6,79,2006,88101,PM2.5 - Local Conditions,35.25651,-120.6693,San Luis Obispo,San Luis Obispo
6,79,2006,88101,PM2.5 - Local Conditions,35.25651,-120.6693,San Luis Obispo,San Luis Obispo
6,79,2007,88101,PM2.5 - Local Conditions,35.04673,-120.58777,CDF,San Luis Obispo
6,79,2020,88101,PM2.5 - Local Conditions,35.259502,-120.64472,SLO Roberto,San Luis Obispo
6,79,8001,88101,PM2.5 - Local Conditions,35.49158,-120.66804,Atascadero (original site),San Luis Obispo
6,79,8001,88101,PM2.5 - Local Conditions,35.49158,-120.66804,Atascadero (original site),San Luis Obispo
6,79,8001,88101,PM2.5 - Local Conditions,35.49158,-120.66804,Atascadero (original site),San Luis Obispo
6,79,8002,88101,PM2.5 - Local Conditions,35.49453,-120.66617,Atascadero,San Luis Obispo
6,81,1001,88101,PM2.5 - Local Conditions,37.482934,-122.20337,Redwood City,San Mateo
6,81,1001,88101,PM2.5 - Local Conditions,37.482934,-122.20337,Redwood City,San Mateo
6,81,1001,88101,PM2.5 - Local Conditions,37.482934,-122.20337,Redwood City,San Mateo
6,83,10,88101,PM2.5 - Local Conditions,34.421386,-119.702079,Santa Barbara-W. Carrillo St.,Santa Barbara
6,83,11,88101,PM2.5 - Local Conditions,34.427775,-119.691218,Santa Barbara,Santa Barbara
6,83,11,88101,PM2.5 - Local Conditions,34.427775,-119.691218,Santa Barbara,Santa Barbara
6,83,11,88101,PM2.5 - Local Conditions,34.427775,-119.691218,Santa Barbara,Santa Barbara
6,83,1007,88101,PM2.5 - Local Conditions,34.948034,-120.435441,Santa Maria-500 S. Broadway,Santa Barbara
6,83,1008,88101,PM2.5 - Local Conditions,34.942872,-120.435611,Santa Maria,Santa Barbara
6,83,1008,88101,PM2.5 - Local Conditions,34.942872,-120.435611,Santa Maria,Santa Barbara
6,83,1009,88101,PM2.5 - Local Conditions,34.890667,-120.432844,Santa Maria,Santa Barbara
6,83,2004,88101,PM2.5 - Local Conditions,34.63782,-120.4575,Lompoc H Street,Santa Barbara
6,83,2011,88101,PM2.5 - Local Conditions,34.44551,-119.8284,Goleta,Santa Barbara
6,83,3001,88101,PM2.5 - Local Conditions,34.605819,-120.075069,Santa Ynez,Santa Barbara
6,83,9001,88101,PM2.5 - Local Conditions,34.39424,-119.514721,,Santa Barbara
6,85,2,88101,PM2.5 - Local Conditions,36.999571,-121.574684,Gilroy,Santa Clara
6,85,2,88101,PM2.5 - Local Conditions,36.999571,-121.574684,Gilroy,Santa Clara
6,85,4,88101,PM2.5 - Local Conditions,37.339666,-121.888575,San Jose - 4th St.,Santa Clara
6,85,4,88101,PM2.5 - Local Conditions,37.339666,-121.888575,San Jose - 4th St.,Santa Clara
6,85,4,88101,PM2.5 - Local Conditions,37.339666,-121.888575,San Jose - 4th St.,Santa Clara
6,85,5,88101,PM2.5 - Local Conditions,37.348497,-121.894898,San Jose - Jackson,Santa Clara
6,85,5,88101,PM2.5 - Local Conditions,37.348497,-121.894898,San Jose - Jackson,Santa Clara
6,85,5,88101,PM2.5 - Local Conditions,37.348497,-121.894898,San Jose - Jackson,Santa Clara
6,85,6,88101,PM2.5 - Local Conditions,37.338135,-121.849783,San Jose - Knox Avenue,Santa Clara
6,85,2003,88101,PM2.5 - Local Conditions,37.3062,-121.84885,San Jose,Santa Clara
6,87,7,88101,PM2.5 - Local Conditions,36.98332,-121.98822,Santa Cruz,Santa Cruz
6,87,7,88101,PM2.5 - Local Conditions,36.98332,-121.98822,Santa Cruz,Santa Cruz
6,87,7,88101,PM2.5 - Local Conditions,36.98332,-121.98822,Santa Cruz,Santa Cruz
6,87,1004,88101,PM2.5 - Local Conditions,37.048008,-122.075695,Felton,Santa Cruz
6,87,1005,88101,PM2.5 - Local Conditions,37.06315,-122.083092,San Lorenzo Valley Middle School,Santa Cruz
6,89,4,88101,PM2.5 - Local Conditions,40.55013,-122.38092,Redding - Health Department,Shasta
6,89,4,88101,PM2.5 - Local Conditions,40.55013,-122.38092,Redding - Health Department,Shasta
6,89,3004,88101,PM2.5 - Local Conditions,40.6304,-122.4031,Redding - Buckeye,Shasta
6,89,3005,88101,PM2.5 - Local Conditions,40.69184,-122.40179,Redding - Toyon,Shasta
6,93,2001,88101,PM2.5 - Local Conditions,41.726892,-122.633579,Yreka,Siskiyou
6,93,2001,88101,PM2.5 - Local Conditions,41.726892,-122.633579,Yreka,Siskiyou
6,95,4,88101,PM2.5 - Local Conditions,38.102507,-122.237976,Vallejo,Solano
6,95,4,88101,PM2.5 - Local Conditions,38.102507,-122.237976,Vallejo,Solano
6,95,4,88101,PM2.5 - Local Conditions,38.102507,-122.237976,Vallejo,Solano
6,97,3,88101,PM2.5 - Local Conditions,38.443503,-122.710169,Santa Rosa - 5th St,Sonoma
6,97,3,88101,PM2.5 - Local Conditions,38.443503,-122.710169,Santa Rosa - 5th St,Sonoma
6,97,4,88101,PM2.5 - Local Conditions,38.403765,-122.818294,Sebastopol,Sonoma
6,99,5,88101,PM2.5 - Local Conditions,37.642165,-120.994212,Modesto-14th Street,Stanislaus
6,99,5,88101,PM2.5 - Local Conditions,37.642165,-120.994212,Modesto-14th Street,Stanislaus
6,99,6,88101,PM2.5 - Local Conditions,37.488317,-120.836008,Turlock,Stanislaus
6,101,3,88101,PM2.5 - Local Conditions,39.138773,-121.618549,Yuba City,Sutter
6,101,3,88101,PM2.5 - Local Conditions,39.138773,-121.618549,Yuba City,Sutter
6,101,3,88101,PM2.5 - Local Conditions,39.138773,-121.618549,Yuba City,Sutter
6,101,3,88101,PM2.5 - Local Conditions,39.138773,-121.618549,Yuba City,Sutter
6,103,6,88101,PM2.5 - Local Conditions,40.1678,-122.227138,RED BLUFF-310 S. MAIN STREET,Tehama
6,103,7,88101,PM2.5 - Local Conditions,40.17093,-122.25556,Red Bluff-Walnut St. District Office,Tehama
6,105,2,88101,PM2.5 - Local Conditions,40.73475,-122.9412,Weaverville-Courthouse,Trinity
6,107,9,88101,PM2.5 - Local Conditions,36.48947,-118.82915,Sequoia & Kings Canyon NPs - Ash Mountain,Tulare
6,107,2002,88101,PM2.5 - Local Conditions,36.332179,-119.291228,Visalia-Church,Tulare
6,107,2002,88101,PM2.5 - Local Conditions,36.332179,-119.291228,Visalia-Church,Tulare
6,107,2003,88101,PM2.5 - Local Conditions,36.30815,-119.3129,Visalia-W. Ashland Avenue,Tulare
6,111,7,88101,PM2.5 - Local Conditions,34.210169,-118.870509,Thousand Oaks,Ventura
6,111,7,88101,PM2.5 - Local Conditions,34.210169,-118.870509,Thousand Oaks,Ventura
6,111,7,88101,PM2.5 - Local Conditions,34.210169,-118.870509,Thousand Oaks,Ventura
6,111,9,88101,PM2.5 - Local Conditions,34.404281,-118.80998,Piru - Pacific,Ventura
6,111,9,88101,PM2.5 - Local Conditions,34.404281,-118.80998,Piru - Pacific,Ventura
6,111,1004,88101,PM2.5 - Local Conditions,34.44806,-119.2313,Ojai - East Ojai Ave,Ventura
6,111,2002,88101,PM2.5 - Local Conditions,34.276316,-118.683685,Simi Valley-Cochran Street,Ventura
6,111,2002,88101,PM2.5 - Local Conditions,34.276316,-118.683685,Simi Valley-Cochran Street,Ventura
6,111,2002,88101,PM2.5 - Local Conditions,34.276316,-118.683685,Simi Valley-Cochran Street,Ventura
6,111,2002,88101,PM2.5 - Local Conditions,34.276316,-118.683685,Simi Valley-Cochran Street,Ventura
6,111,3001,88101,PM2.5 - Local Conditions,34.25239,-119.143182,El Rio-Rio Mesa School #2,Ventura
6,111,3001,88101,PM2.5 - Local Conditions,34.25239,-119.143182,El Rio-Rio Mesa School #2,Ventura
6,113,1003,88101,PM2.5 - Local Conditions,38.66121,-121.73269,Woodland-Gibson Road,Yolo
6,113,1003,88101,PM2.5 - Local Conditions,38.66121,-121.73269,Woodland-Gibson Road,Yolo
